	sample	shortd	bior	techr	read_length	week	O2	JGI sample id
0	LakWasMeta1_LOW4_2	LakWasMeta1_LOW4_2	1	1	151	4	low	8904.1.115212.CGATGT
1	LakWasMeta2_LOW4_2	LakWasMeta2_LOW4_2	2	1	151	4	low	8904.1.115212.TTAGGC
2	LakWasMeta3_LOW4_2	LakWasMeta3_LOW4_2	3	1	151	4	low	8904.1.115212.TGACCA
3	LakWasMeta4_LOW4_2	LakWasMeta4_LOW4_2	4	1	151	4	low	8904.1.115212.ACAGTG
4	LakWasMeta7_HOW4_2	LakWasMeta7_HOW4_2	1	1	151	4	high	8904.1.115212.GCCAAT
5	LakWasMeta8_HOW4_2	LakWasMeta8_HOW4_2	2	1	151	4	high	8904.1.115212.CAGATC
6	LakWasMeta9_HOW4_2	LakWasMeta9_HOW4_2	3	1	151	4	high	8904.1.115212.GATCAG
7	LakWasMet10_HOW4_2	LakWasMet10_HOW4_2	4	1	151	4	high	8904.1.115212.TAGCTT
8	LakWasMet13_LOW5_2	LakWasMet13_LOW5_2	1	1	151	5	low	8904.1.115212.GGCTAC
9	LakWasMet14_LOW5_2	LakWasMet14_LOW5_2	2	1	151	5	low	8904.2.115222.CTTGTA
10	LakWasMet15_LOW5_2	LakWasMet15_LOW5_2	3	1	151	5	low	8904.2.115222.AGTCAA
11	LakWasMet16_LOW5_2	LakWasMet16_LOW5_2	4	1	151	5	low	8904.2.115222.AGTTCC
12	LakWasMet19_HOW5_2	LakWasMet19_HOW5_2	1	1	151	5	high	8904.2.115222.ATGTCA
13	LakWasMet20_HOW5_2	LakWasMet20_HOW5_2	2	1	151	5	high	8904.2.115222.CCGTCC
14	LakWasMet21_HOW5_2	LakWasMet21_HOW5_2	3	1	151	5	high	8904.2.115222.GTAGAG
15	LakWasMet22_HOW5_2	LakWasMet22_HOW5_2	4	1	151	5	high	8904.2.115222.GTCCGC
16	LakWasMet25_LOW6_2	LakWasMet25_LOW6_2	1	1	151	6	low	8904.2.115222.GTGAAA
17	LakWasMet26_LOW6_2	LakWasMet26_LOW6_2	2	1	151	6	low	8904.2.115222.GTGGCC
18	LakWasMet27_LOW6_2	LakWasMet27_LOW6_2	3	1	151	6	low	8904.3.115232.GTTTCG
19	LakWasMet28_LOW6_2	LakWasMet28_LOW6_2	4	1	151	6	low	8904.3.115232.CGTACG
20	LakWasMet31_HOW6_2	LakWasMet31_HOW6_2	1	1	151	6	high	8904.3.115232.GAGTGG
21	LakWasMet32_HOW6_2	LakWasMet32_HOW6_2	2	1	151	6	high	8904.3.115232.GGTAGC
22	LakWasMet33_HOW6_2	LakWasMet33_HOW6_2	3	1	151	6	high	8904.3.115232.ACTGAT
23	LakWasMet34_HOW6_2	LakWasMet34_HOW6_2	4	1	151	6	high	8904.3.115232.ATGAGC
24	LakWasMet37_LOW7_2	LakWasMet37_LOW7_2	1	1	151	7	low	8904.3.115232.ATTCCT
25	LakWasMet38_LOW7_2	LakWasMet38_LOW7_2	2	1	151	7	low	8904.3.115232.CAAAAG
26	LakWasMet39_LOW7_2	LakWasMet39_LOW7_2	3	1	151	7	low	8904.3.115232.CAACTA
27	LakWasMet40_LOW7_2	LakWasMet40_LOW7_2	4	1	151	7	low	8904.4.115242.CACCGG
28	LakWasMet43_HOW7_2	LakWasMet43_HOW7_2	1	1	151	7	high	8904.4.115242.CACGAT
29	LakWasMet44_HOW7_2	LakWasMet44_HOW7_2	2	1	151	7	high	8904.4.115242.CACTCA
30	LakWasMet45_HOW7_2	LakWasMet45_HOW7_2	3	1	151	7	high	8904.4.115242.CAGGCG
31	LakWasMet49_LOW8_2	LakWasMet49_LOW8_2	1	1	151	8	low	8904.4.115242.CATTTT
32	LakWasMet50_LOW8_2	LakWasMet50_LOW8_2	2	1	151	8	low	8904.4.115242.CCAACA
33	LakWasMet51_LOW8_2	LakWasMet51_LOW8_2	3	1	151	8	low	8904.4.115242.CGGAAT
34	LakWasMet52_LOW8_2	LakWasMet52_LOW8_2	4	1	151	8	low	8904.4.115242.CTAGCT
35	LakWasMet55_HOW8_2	LakWasMet55_HOW8_2	1	1	151	8	high	8904.5.115252.CTATAC
36	LakWasMet56_HOW8_2	LakWasMet56_HOW8_2	2	1	151	8	high	8904.5.115252.CTCAGA
37	LakWasMet57_HOW8_2	LakWasMet57_HOW8_2	3	1	151	8	high	8904.5.115252.GACGAC
38	LakWasMet58_HOW8_2	LakWasMet58_HOW8_2	4	1	151	8	high	8904.5.115252.TAATCG
39	LakWasMet61_LOW9_2	LakWasMet61_LOW9_2	1	1	151	9	low	8904.5.115252.TACAGC
40	LakWasMet62_LOW9_2	LakWasMet62_LOW9_2	2	1	151	9	low	8904.5.115252.TATAAT
41	LakWasMet63_LOW9_2	LakWasMet63_LOW9_2	3	1	151	9	low	8904.5.115252.TCATTC
42	LakWasMet64_LOW9_2	LakWasMet64_LOW9_2	4	1	151	9	low	8904.5.115252.TCCCGA
43	LakWasMet67_HOW9_2	LakWasMet67_HOW9_2	1	1	151	9	high	8904.5.115252.TCGAAG
44	LakWasMet69_HOW9_2	LakWasMet69_HOW9_2	3	1	151	9	high	8904.6.115262.AAACAT
45	LakWasMet70_HOW9_2	LakWasMet70_HOW9_2	4	1	151	9	high	8904.6.115262.AAAGCA
46	LakWasMe73_LOW10_2	LakWasMe73_LOW10_2	1	1	151	10	low	8904.6.115262.AAATGC
47	LakWasMe74_LOW10_2	LakWasMe74_LOW10_2	2	1	151	10	low	8904.6.115262.AACAAA
48	LakWasMe75_LOW10_2	LakWasMe75_LOW10_2	3	1	151	10	low	8904.6.115262.AACTTG
49	LakWasMe76_LOW10_2	LakWasMe76_LOW10_2	4	1	151	10	low	8904.6.115262.AAGACT
50	LakWasMe79_HOW10_2	LakWasMe79_HOW10_2	1	1	151	10	high	8904.6.115262.AAGCGA
51	LakWasMe80_HOW10_2	LakWasMe80_HOW10_2	2	1	151	10	high	8904.6.115262.AAGGAC
52	LakWasMe81_HOW10_2	LakWasMe81_HOW10_2	3	1	151	10	high	8903.4.115172.AATAGG
53	LakWasMe82_HOW10_2	LakWasMe82_HOW10_2	4	1	151	10	high	8903.4.115172.ACAAAC
54	LakWasMe85_LOW11_2	LakWasMe85_LOW11_2	1	1	151	11	low	8903.4.115172.ACATCT
55	LakWasMe86_LOW11_2	LakWasMe86_LOW11_2	2	1	151	11	low	8903.4.115172.ACCCAG
56	LakWasMe91_HOW11_2	LakWasMe91_HOW11_2	1	1	151	11	high	8903.4.115172.ACTCTC
57	LakWasMe92_HOW11_2	LakWasMe92_HOW11_2	2	1	151	11	high	8903.4.115172.AGAAGA
58	LakWasMe93_HOW11_2	LakWasMe93_HOW11_2	3	1	151	11	high	8903.4.115172.AGATAG
59	LakWasMe94_HOW11_2	LakWasMe94_HOW11_2	4	1	151	11	high	8903.5.115182.AGCATC
60	LakWasMe97_LOW12_2	LakWasMe97_LOW12_2	1	1	151	12	low	8903.5.115182.AGCGCT
61	LakWasMe98_LOW12_2	LakWasMe98_LOW12_2	2	1	151	12	low	8903.5.115182.AGGCCG
62	LakWasMe99_LOW12_2	LakWasMe99_LOW12_2	3	1	151	12	low	8903.5.115182.ATACGG
63	LakWasM100_LOW12_2	LakWasM100_LOW12_2	4	1	151	12	low	8903.5.115182.ATCCTA
64	LakWasM104_HOW12_2	LakWasM104_HOW12_2	2	1	151	12	high	8903.5.115182.CCACGC
65	LakWasM105_HOW12_2	LakWasM105_HOW12_2	3	1	151	12	high	8903.5.115182.CCCATG
66	LakWasM106_HOW12_2	LakWasM106_HOW12_2	4	1	151	12	high	8903.5.115182.CCGCAA
67	LakWasM109_LOW13_2	LakWasM109_LOW13_2	1	1	151	13	low	8903.6.115192.CCTTAG
68	LakWasM110_LOW13_2	LakWasM110_LOW13_2	2	1	151	13	low	8903.6.115192.CGAGAA
69	LakWasM111_LOW13_2	LakWasM111_LOW13_2	3	1	151	13	low	8903.6.115192.CTGCTG
70	LakWasM112_LOW13_2	LakWasM112_LOW13_2	4	1	151	13	low	8903.6.115192.GAAACC
71	LakWasM115_HOW13_2	LakWasM115_HOW13_2	1	1	151	13	high	8903.6.115192.GAATAA
72	LakWasM116_HOW13_2	LakWasM116_HOW13_2	2	1	151	13	high	8903.6.115192.GACGGA
73	LakWasM117_HOW13_2	LakWasM117_HOW13_2	3	1	151	13	high	8903.6.115192.GATATA
74	LakWasM118_HOW13_2	LakWasM118_HOW13_2	4	1	151	13	high	8903.6.115192.GATGCT
75	LakWasM121_LOW14_2	LakWasM121_LOW14_2	1	1	151	14	low	8903.6.115192.GCAAGG
76	LakWasM122_LOW14_2	LakWasM122_LOW14_2	2	1	151	14	low	8903.7.115202.GCACTT
77	LakWasM123_LOW14_2	LakWasM123_LOW14_2	3	1	151	14	low	8903.7.115202.GCCTTA
78	LakWasM124_LOW14_2	LakWasM124_LOW14_2	4	1	151	14	low	8903.7.115202.GCTCCA
79	LakWasM127_HOW14_2	LakWasM127_HOW14_2	1	1	151	14	high	8903.7.115202.GGCACA
80	LakWasM128_HOW14_2	LakWasM128_HOW14_2	2	1	151	14	high	8903.7.115202.GGCCTG
81	LakWasM129_HOW14_2	LakWasM129_HOW14_2	3	1	151	14	high	8903.7.115202.TGAATG
82	LakWasM130_HOW14_2	LakWasM130_HOW14_2	4	1	151	14	high	8903.7.115202.TGCCAT
